2.23e-05;
1.41e-05;
1.44e-05;
1.5e-05;
1.44e-05;
1.29e-05;
1.47e-05;
1.26e-05;
1.35e-05;
1.48e-05;
1.25e-05;
1.34e-05;
1.26e-05;
1.96e-05;
1.34e-05;
1.89e-05;
1.34e-05;
1.36e-05;
1.32e-05;
1.54e-05;
1.35e-05;
1.33e-05;
1.3e-05;
1.29e-05;
1.32e-05;
2.57e-05;
1.55e-05;
1.27e-05;
1.49e-05;
2.57e-05;
1.37e-05;
1.31e-05;
1.34e-05;
1.25e-05;
1.26e-05;
1.25e-05;
1.36e-05;
1.3e-05;
1.33e-05;
1.32e-05;
1.25e-05;
1.34e-05;
1.53e-05;
1.29e-05;
1.42e-05;
1.33e-05;
1.34e-05;
1.23e-05;
1.29e-05;
1.26e-05;
1.26e-05;
1.32e-05;
1.32e-05;
1.28e-05;
1.36e-05;
1.24e-05;
1.26e-05;
1.26e-05;
1.26e-05;
1.33e-05;
1.39e-05;
1.45e-05;
1.47e-05;
1.71e-05;
1.44e-05;
1.48e-05;
2.46e-05;
1.7e-05;
1.79e-05;
1.41e-05;
1.5e-05;
1.44e-05;
1.43e-05;
1.43e-05;
1.46e-05;
1.39e-05;
1.52e-05;
1.45e-05;
1.53e-05;
1.44e-05;
1.43e-05;
1.5e-05;
1.53e-05;
1.46e-05;
9.47e-05;
1.34e-05;
1.5e-05;
1.43e-05;
1.43e-05;
1.38e-05;
1.48e-05;
1.5e-05;
1.43e-05;
1.47e-05;
1.97e-05;
1.52e-05;
1.46e-05;
1.49e-05;
1.47e-05;
1.51e-05;
1.41e-05;
1.5e-05;
1.46e-05;
1.62e-05;
1.47e-05;
1.4e-05;
1.42e-05;
1.39e-05;
1.47e-05;
1.44e-05;
1.29e-05;
1.3e-05;
1.28e-05;
1.31e-05;
1.32e-05;
1.35e-05;
1.33e-05;
1.33e-05;
1.3e-05;
1.45e-05;
1.34e-05;
1.37e-05;
1.35e-05;
1.32e-05;
1.26e-05;
1.33e-05;
1.37e-05;
1.33e-05;
0.0020537;
0.0015238;
0.0016819;
0.001312;
0.0014243;
0.001302;
0.0013563;
loopTimes;
0.0034463;
0.0031492;
0.0026641;
0.0030737;
0.0024545;
0.0027889;
0.0024513;
loopTimes;
0.0085887;
0.0025257;
0.0050693;
0.0024345;
0.0024167;
0.004301;
0.0023825;
0.0025576;
0.0024103;
0.0023586;
0.0027749;
0.0023693;
0.0040739;
0.0025511;
0.0025668;
0.0024649;
0.0024304;
0.0023929;
0.0025065;
0.0023998;
0.0025795;
0.002388;
0.0024198;
0.0024801;
0.0024885;
0.0024338;
0.0025312;
0.0031578;
0.0024127;
0.0023573;
0.0023332;
0.0023863;
0.0024378;
0.0023964;
0.0025488;
0.002549;
0.0023495;
0.0027361;
0.0024916;
0.0024303;
0.0023576;
0.0025084;
0.0024886;
0.0023703;
0.0025323;
0.0024044;
0.0026025;
0.0023069;
0.0024324;
0.0025637;
0.0023578;
0.0024869;
0.0023596;
0.0025253;
0.0024612;
0.0025107;
0.0024592;
0.002477;
0.0025709;
0.0026036;
0.0024533;
0.0023814;
0.0024128;
0.0025132;
0.0025625;
0.0024679;
0.00242;
0.0023918;
0.0023802;
0.0025798;
0.0024588;
0.0025529;
0.0024475;
0.0024661;
0.0026976;
0.0025855;
0.0026454;
0.0024331;
0.0023678;
0.0023582;
0.0026543;
0.0023959;
0.0025355;
0.0024935;
0.0025523;
0.0025327;
0.0024917;
0.0031783;
0.0025714;
0.0024068;
0.0024247;
0.0024272;
0.0024137;
0.0023448;
0.002438;
0.0024119;
0.0023246;
0.0024664;
0.0024172;
0.0024036;
0.0024428;
